# Bad Urls
/2017/05/regex-part-1                       /blog/regex-part-1
/2017/05/regex-part-2                       /blog/regex-part-2
/2017/05/regex-part-3                       /blog/regex-part-3
/2017/06/regex-part-4                       /blog/regex-part-4
/2017/06/regex-part-5                       /blog/regex-part-5
/2017/06/regex-part-6                       /blog/regex-part-6
/2017/07/regex-part-7                       /blog/regex-part-7
/2017/08/deploy-fe-with-gh-pages            /blog/deploy-fe-with-gh-pages
/2017/09/deploy-fe-with-surge               /blog/deploy-fe-with-surge
/2019/03/netlifiy-deploy                    /blog/deploy-fe-with-netlify
/2017/12/dev-js-part-1                      /blog/dev-js-part-1
/2017/12/dev-js-part-2                      /blog/dev-js-part-2
/2017/12/dev-js-part-3                      /blog/dev-js-part-3
/2018/01/dev-js-3-2                         /blog/dev-js-part-3-2
/2018/01/dev-js-4                           /blog/dev-js-part-4
/2018/02/dev-js-5-1                         /blog/dev-js-part-5
/2018/02/dev-js-5-2                         /blog/dev-js-part-5-2
/2018/02/dev-js-6                           /blog/dev-js-part-6
/2018/04/dev-js-7-1                         /blog/dev-js-part-7
/2018/05/dev-js-7-2                         /blog/dev-js-part-7-2
/2018/09/dev-js-8                           /blog/dev-js-part-8
/2020/03/dev-js-9                           /blog/dev-js-part-9
/2017/07/franz                              /blog/you-need-to-know-franz
/2019/04/things-i-dont-know-2018            /blog/things-i-dont-know-2018
/2018/07/it-and-english                     /blog/it-and-english
/en/2020/03/yml-for-fe                      /blog/en/yml-for-fe
/en/2020/04/cache-gatsby-github-actions     /blog/en/cache-gatsby-github-actions
/2020/03/13/corona-virus-overview           /blog/corona-virus-overview
/2018/01/css-position                       /blog/css-position
/blog/en/yml-for-fe                         /blog/en/yml-for-web-dev

# Redirects after major refactor
/blog/deploy-fe-with-gh-pages               /blog/subindo-seu-projeto-front-end-gratuitamente-gh-pages
/blog/deploy-fe-with-surge                  /blog/subindo-seu-projeto-front-end-gratuitamente-surge
/blog/deploy-fe-with-netlify                /blog/subindo-seu-projeto-front-end-gratuitamente-netlify
/blog/dev-js-part-1                         /blog/desenvolvedor-javascript-brasil-europa-ato-1
/blog/dev-js-part-2                         /blog/desenvolvedor-javascript-brasil-europa-ato-2
/blog/dev-js-part-3                         /blog/desenvolvedor-javascript-brasil-europa-ato-3-parte-1
/blog/dev-js-part-3-2                       /blog/desenvolvedor-javascript-brasil-europa-ato-3-parte-2
/blog/dev-js-part-4                         /blog/desenvolvedor-javascript-brasil-europa-ato-4
/blog/dev-js-part-5                         /blog/desenvolvedor-javascript-brasil-europa-ato-5-parte-1
/blog/dev-js-part-5-2                       /blog/desenvolvedor-javascript-brasil-europa-ato-5-parte-2
/blog/dev-js-part-6                         /blog/desenvolvedor-javascript-brasil-europa-ato-6
/blog/dev-js-part-7                         /blog/desenvolvedor-javascript-brasil-europa-ato-7
/blog/dev-js-part-8                         /blog/desenvolvedor-javascript-brasil-europa-ato-8
/blog/dev-js-part-9                         /blog/desenvolvedor-javascript-brasil-europa-ato-9-parte-1
/blog/dev-js-part-9-2                       /blog/desenvolvedor-javascript-brasil-europa-ato-9-parte-2
/blog/regex-part-1                          /blog/entendendo-regex-de-uma-vez-por-todas-parte-1
/blog/regex-part-2                          /blog/entendendo-regex-de-uma-vez-por-todas-parte-2
/blog/regex-part-3                          /blog/entendendo-regex-de-uma-vez-por-todas-parte-3
/blog/regex-part-7                          /blog/entendendo-regex-de-uma-vez-por-todas-parte-4
/blog/regex-part-4                          /blog/entendendo-regex-de-uma-vez-por-todas-parte-5
/blog/regex-part-5                          /blog/entendendo-regex-de-uma-vez-por-todas-parte-6
/blog/regex-part-6                          /blog/entendendo-regex-de-uma-vez-por-todas-parte-7
/blog/pomodoro                              /blog/tecnica-pomodoro
/blog/css-position                          /blog/css-basico-position-absolute-e-relative
/blog/you-need-to-know-franz                /blog/voce-precisa-conhecer-o-franz
/blog/it-and-english                        /blog/ingles-na-area-de-ti
/blog/things-i-dont-know-2018               /blog/coisas-que-eu-nao-sei-2018
/blog/corona-virus-overview                 /blog/e-o-coronavirus-hein
/blog/en/yml-for-web-dev                    /blog/en/yaml-for-web-developers
/blog/yml-for-web-dev                       /blog/yaml-para-desenvolvedores-web
/blog/en/cache-gatsby-github-actions        /blog/en/cache-gatsby-github-actions
/tags/yml                       /tags/yaml

# After Next Major update
/blog/subindo-seu-projeto-front-end-gratuitamente-gh-pages                /pt/blog/subindo-seu-projeto-front-end-gratuitamente-gh-pages
/blog/subindo-seu-projeto-front-end-gratuitamente-surge                   /pt/blog/subindo-seu-projeto-front-end-gratuitamente-surge
/blog/subindo-seu-projeto-front-end-gratuitamente-netlify                 /pt/blog/subindo-seu-projeto-front-end-gratuitamente-netlify
/blog/desenvolvedor-javascript-brasil-europa-ato-1                        /pt/blog/desenvolvedor-javascript-brasil-europa-ato-1
/blog/desenvolvedor-javascript-brasil-europa-ato-2                        /pt/blog/desenvolvedor-javascript-brasil-europa-ato-2
/blog/desenvolvedor-javascript-brasil-europa-ato-3-parte-1                /pt/blog/desenvolvedor-javascript-brasil-europa-ato-3-parte-1
/blog/desenvolvedor-javascript-brasil-europa-ato-3-parte-2                /pt/blog/desenvolvedor-javascript-brasil-europa-ato-3-parte-2
/blog/desenvolvedor-javascript-brasil-europa-ato-4                        /pt/blog/desenvolvedor-javascript-brasil-europa-ato-4
/blog/desenvolvedor-javascript-brasil-europa-ato-5-parte-1                /pt/blog/desenvolvedor-javascript-brasil-europa-ato-5-parte-1
/blog/desenvolvedor-javascript-brasil-europa-ato-5-parte-2                /pt/blog/desenvolvedor-javascript-brasil-europa-ato-5-parte-2
/blog/desenvolvedor-javascript-brasil-europa-ato-6                        /pt/blog/desenvolvedor-javascript-brasil-europa-ato-6
/blog/desenvolvedor-javascript-brasil-europa-ato-7                        /pt/blog/desenvolvedor-javascript-brasil-europa-ato-7
/blog/desenvolvedor-javascript-brasil-europa-ato-8                        /pt/blog/desenvolvedor-javascript-brasil-europa-ato-8
/blog/desenvolvedor-javascript-brasil-europa-ato-9-parte-1                /pt/blog/desenvolvedor-javascript-brasil-europa-ato-9-parte-1
/blog/desenvolvedor-javascript-brasil-europa-ato-9-parte-2                /pt/blog/desenvolvedor-javascript-brasil-europa-ato-9-parte-2
/blog/entendendo-regex-de-uma-vez-por-todas-parte-1                       /pt/blog/entendendo-regex-de-uma-vez-por-todas-parte-1
/blog/entendendo-regex-de-uma-vez-por-todas-parte-2                       /pt/blog/entendendo-regex-de-uma-vez-por-todas-parte-2
/blog/entendendo-regex-de-uma-vez-por-todas-parte-3                       /pt/blog/entendendo-regex-de-uma-vez-por-todas-parte-3
/blog/entendendo-regex-de-uma-vez-por-todas-parte-4                       /pt/blog/entendendo-regex-de-uma-vez-por-todas-parte-4
/blog/entendendo-regex-de-uma-vez-por-todas-parte-5                       /pt/blog/entendendo-regex-de-uma-vez-por-todas-parte-5
/blog/entendendo-regex-de-uma-vez-por-todas-parte-6                       /pt/blog/entendendo-regex-de-uma-vez-por-todas-parte-6
/blog/entendendo-regex-de-uma-vez-por-todas-parte-7                       /pt/blog/entendendo-regex-de-uma-vez-por-todas-parte-7
/blog/tecnica-pomodoro                                                    /pt/blog/tecnica-pomodoro
/blog/css-basico-position-absolute-e-relative                             /pt/blog/css-basico-position-absolute-e-relative
/blog/voce-precisa-conhecer-o-franz                                       /pt/blog/voce-precisa-conhecer-o-franz
/blog/ingles-na-area-de-ti                                                /pt/blog/ingles-na-area-de-ti
/blog/coisas-que-eu-nao-sei-2018                                          /pt/blog/coisas-que-eu-nao-sei-2018
/blog/e-o-coronavirus-hein                                                /pt/blog/e-o-coronavirus-hein
/blog/yaml-para-desenvolvedores-web                                       /pt/blog/yaml-para-desenvolvedores-web
/blog/en/yaml-for-web-developers                                          /blog/yaml-for-web-developers
/blog/en/cache-gatsby-github-actions                                      /blog/cache-gatsby-github-actions
/blog/en/data-structure-in-javascript-stack                               /blog/data-structure-in-javascript-stack
/blog/en/i-failed-an-interview-because-of-an-algorithm                    /blog/i-failed-an-interview-because-of-an-algorithm